<modbusServer Version="2.0">
  <modbusRegister name="COILS">
    <mapping variable="bResetFalhas" parent="Micro850" dataType="Bool" address="000001" va="0x499">
      <MBVarInfo ElemType="Bool" SubElemType="Any" DataTypeSize="1" />
    </mapping>
    <mapping variable="bSalvarDadosOp30" parent="Micro850" dataType="Bool" address="000002" va="0x49b">
      <MBVarInfo ElemType="Bool" SubElemType="Any" DataTypeSize="1" />
    </mapping>
    <mapping variable="bAprovadoOp30" parent="Micro850" dataType="Bool" address="000003" va="0x49c">
      <MBVarInfo ElemType="Bool" SubElemType="Any" DataTypeSize="1" />
    </mapping>
    <mapping variable="bReprovadoOp30" parent="Micro850" dataType="Bool" address="000004" va="0x49d">
      <MBVarInfo ElemType="Bool" SubElemType="Any" DataTypeSize="1" />
    </mapping>
    <mapping variable="bSalvarDados_Op40" parent="Micro850" dataType="Bool" address="000005" va="0x49f">
      <MBVarInfo ElemType="Bool" SubElemType="Any" DataTypeSize="1" />
    </mapping>
    <mapping variable="bImprimirOp50" parent="Micro850" dataType="Bool" address="000006" va="0x4a4">
      <MBVarInfo ElemType="Bool" SubElemType="Any" DataTypeSize="1" />
    </mapping>
    <mapping variable="bAprovadoOp50" parent="Micro850" dataType="Bool" address="000007" va="0x4a1">
      <MBVarInfo ElemType="Bool" SubElemType="Any" DataTypeSize="1" />
    </mapping>
    <mapping variable="bSalvarDadosOp50" parent="Micro850" dataType="Bool" address="000008" va="0x4a3">
      <MBVarInfo ElemType="Bool" SubElemType="Any" DataTypeSize="1" />
    </mapping>
    <mapping variable="bLiberaBloqueioEstacoes" parent="Micro850" dataType="Bool" address="000009" va="0x4a6">
      <MBVarInfo ElemType="Bool" SubElemType="Any" DataTypeSize="1" />
    </mapping>
    <mapping variable="bTesteFinalLiberado" parent="Micro850" dataType="Bool" address="000010" va="0x4c0">
      <MBVarInfo ElemType="Bool" SubElemType="Any" DataTypeSize="1" />
    </mapping>
    <mapping variable="bEmergenciaPressionada" parent="Micro850" dataType="Bool" address="000011" va="0x4a7">
      <MBVarInfo ElemType="Bool" SubElemType="Any" DataTypeSize="1" />
    </mapping>
    <mapping variable="bAlarmeEscamoteamento" parent="Micro850" dataType="Bool" address="000012" va="0x4b4">
      <MBVarInfo ElemType="Bool" SubElemType="Any" DataTypeSize="1" />
    </mapping>
    <mapping variable="bAlarmeBlinker" parent="Micro850" dataType="Bool" address="000013" va="0x4b5">
      <MBVarInfo ElemType="Bool" SubElemType="Any" DataTypeSize="1" />
    </mapping>
    <mapping variable="bAlarmeAquecimento" parent="Micro850" dataType="Bool" address="000014" va="0x4b6">
      <MBVarInfo ElemType="Bool" SubElemType="Any" DataTypeSize="1" />
    </mapping>
    <mapping variable="bAlarmeMovimento" parent="Micro850" dataType="Bool" address="000015" va="0x4b7">
      <MBVarInfo ElemType="Bool" SubElemType="Any" DataTypeSize="1" />
    </mapping>
    <mapping variable="bAlarmeForcaAuxiliar" parent="Micro850" dataType="Bool" address="000016" va="0x4b8">
      <MBVarInfo ElemType="Bool" SubElemType="Any" DataTypeSize="1" />
    </mapping>
    <mapping variable="bAlarmeForcaPrincipal" parent="Micro850" dataType="Bool" address="000017" va="0x4b9">
      <MBVarInfo ElemType="Bool" SubElemType="Any" DataTypeSize="1" />
    </mapping>
    <mapping variable="bAlarmeCortina" parent="Micro850" dataType="Bool" address="000018" va="0x4ba">
      <MBVarInfo ElemType="Bool" SubElemType="Any" DataTypeSize="1" />
    </mapping>
    <mapping variable="bStopOp20" parent="Micro850" dataType="Bool" address="000019" va="0x4bb">
      <MBVarInfo ElemType="Bool" SubElemType="Any" DataTypeSize="1" />
    </mapping>
    <mapping variable="bStopOp201" parent="Micro850" dataType="Bool" address="000020" va="0x4bc">
      <MBVarInfo ElemType="Bool" SubElemType="Any" DataTypeSize="1" />
    </mapping>
    <mapping variable="bStopOp30" parent="Micro850" dataType="Bool" address="000021" va="0x4bd">
      <MBVarInfo ElemType="Bool" SubElemType="Any" DataTypeSize="1" />
    </mapping>
    <mapping variable="bStopOp40" parent="Micro850" dataType="Bool" address="000022" va="0x4be">
      <MBVarInfo ElemType="Bool" SubElemType="Any" DataTypeSize="1" />
    </mapping>
    <mapping variable="bStopOp50" parent="Micro850" dataType="Bool" address="000023" va="0x4bf">
      <MBVarInfo ElemType="Bool" SubElemType="Any" DataTypeSize="1" />
    </mapping>
  </modbusRegister>
  <modbusRegister name="HOLDING_REGISTERS">
    <mapping variable="nModelo" parent="Micro850" dataType="Int" address="400001" va="0x546">
      <MBVarInfo ElemType="Int" SubElemType="Any" DataTypeSize="2" />
    </mapping>
    <mapping variable="nForcaEscamoteamento" parent="Micro850" dataType="Int" address="400002" va="0x544">
      <MBVarInfo ElemType="Int" SubElemType="Any" DataTypeSize="2" />
    </mapping>
    <mapping variable="nMinimoEscamoteamento" parent="Micro850" dataType="Int" address="400003" va="0x548">
      <MBVarInfo ElemType="Int" SubElemType="Any" DataTypeSize="2" />
    </mapping>
    <mapping variable="nMaximoEscamoteamento" parent="Micro850" dataType="Int" address="400004" va="0x54a">
      <MBVarInfo ElemType="Int" SubElemType="Any" DataTypeSize="2" />
    </mapping>
    <mapping variable="nMinimoAquecimento" parent="Micro850" dataType="Int" address="400006" va="0x54c">
      <MBVarInfo ElemType="Int" SubElemType="Any" DataTypeSize="2" />
    </mapping>
    <mapping variable="nLeituraAquecimento" parent="Micro850" dataType="Int" address="400028" va="0x54e">
      <MBVarInfo ElemType="Int" SubElemType="Any" DataTypeSize="2" />
    </mapping>
  </modbusRegister>
</modbusServer>