<modbusServer Version="2.0">
  <modbusRegister name="COILS">
    <mapping variable="bResetFalhas" parent="Micro850" dataType="Bool" address="000001">
      <MBVarInfo ElemType="Bool" SubElemType="Any" DataTypeSize="1" />
    </mapping>
    <mapping variable="bSalvarDadosOp30" parent="Micro850" dataType="Bool" address="000002">
      <MBVarInfo ElemType="Bool" SubElemType="Any" DataTypeSize="1" />
    </mapping>
    <mapping variable="bAprovadoOp30" parent="Micro850" dataType="Bool" address="000003">
      <MBVarInfo ElemType="Bool" SubElemType="Any" DataTypeSize="1" />
    </mapping>
    <mapping variable="bReprovadoOp30" parent="Micro850" dataType="Bool" address="000004">
      <MBVarInfo ElemType="Bool" SubElemType="Any" DataTypeSize="1" />
    </mapping>
    <mapping variable="bSalvarDados_Op40" parent="Micro850" dataType="Bool" address="000005">
      <MBVarInfo ElemType="Bool" SubElemType="Any" DataTypeSize="1" />
    </mapping>
    <mapping variable="bImprimirOp50" parent="Micro850" dataType="Bool" address="000006">
      <MBVarInfo ElemType="Bool" SubElemType="Any" DataTypeSize="1" />
    </mapping>
    <mapping variable="bAprovadoOp50" parent="Micro850" dataType="Bool" address="000007">
      <MBVarInfo ElemType="Bool" SubElemType="Any" DataTypeSize="1" />
    </mapping>
    <mapping variable="bSalvarDadosOp50" parent="Micro850" dataType="Bool" address="000008">
      <MBVarInfo ElemType="Bool" SubElemType="Any" DataTypeSize="1" />
    </mapping>
    <mapping variable="bLiberaBloqueioEstacoes" parent="Micro850" dataType="Bool" address="000009">
      <MBVarInfo ElemType="Bool" SubElemType="Any" DataTypeSize="1" />
    </mapping>
    <mapping variable="bTesteFinalLiberado" parent="Micro850" dataType="Bool" address="000010">
      <MBVarInfo ElemType="Bool" SubElemType="Any" DataTypeSize="1" />
    </mapping>
    <mapping variable="bEmergenciaPressionada" parent="Micro850" dataType="Bool" address="000011">
      <MBVarInfo ElemType="Bool" SubElemType="Any" DataTypeSize="1" />
    </mapping>
    <mapping variable="bAlarmeEscamoteamento" parent="Micro850" dataType="Bool" address="000012">
      <MBVarInfo ElemType="Bool" SubElemType="Any" DataTypeSize="1" />
    </mapping>
    <mapping variable="bAlarmeBlinker" parent="Micro850" dataType="Bool" address="000013">
      <MBVarInfo ElemType="Bool" SubElemType="Any" DataTypeSize="1" />
    </mapping>
    <mapping variable="bAlarmeAquecimento" parent="Micro850" dataType="Bool" address="000014">
      <MBVarInfo ElemType="Bool" SubElemType="Any" DataTypeSize="1" />
    </mapping>
    <mapping variable="bAlarmeMovimento" parent="Micro850" dataType="Bool" address="000015">
      <MBVarInfo ElemType="Bool" SubElemType="Any" DataTypeSize="1" />
    </mapping>
    <mapping variable="bAlarmeForcaAuxiliar" parent="Micro850" dataType="Bool" address="000016">
      <MBVarInfo ElemType="Bool" SubElemType="Any" DataTypeSize="1" />
    </mapping>
    <mapping variable="bAlarmeForcaPrincipal" parent="Micro850" dataType="Bool" address="000017">
      <MBVarInfo ElemType="Bool" SubElemType="Any" DataTypeSize="1" />
    </mapping>
    <mapping variable="bAlarmeCortina" parent="Micro850" dataType="Bool" address="000018">
      <MBVarInfo ElemType="Bool" SubElemType="Any" DataTypeSize="1" />
    </mapping>
    <mapping variable="bStopOp20" parent="Micro850" dataType="Bool" address="000019">
      <MBVarInfo ElemType="Bool" SubElemType="Any" DataTypeSize="1" />
    </mapping>
    <mapping variable="bStopOp201" parent="Micro850" dataType="Bool" address="000020">
      <MBVarInfo ElemType="Bool" SubElemType="Any" DataTypeSize="1" />
    </mapping>
    <mapping variable="bStopOp30" parent="Micro850" dataType="Bool" address="000021">
      <MBVarInfo ElemType="Bool" SubElemType="Any" DataTypeSize="1" />
    </mapping>
    <mapping variable="bStopOp40" parent="Micro850" dataType="Bool" address="000022">
      <MBVarInfo ElemType="Bool" SubElemType="Any" DataTypeSize="1" />
    </mapping>
    <mapping variable="bStopOp50" parent="Micro850" dataType="Bool" address="000023">
      <MBVarInfo ElemType="Bool" SubElemType="Any" DataTypeSize="1" />
    </mapping>
  </modbusRegister>
  <modbusRegister name="HOLDING_REGISTERS">
    <mapping variable="nModelo" parent="Micro850" dataType="Int" address="400001">
      <MBVarInfo ElemType="Int" SubElemType="Any" DataTypeSize="2" />
    </mapping>
    <mapping variable="nForcaEscamoteamento" parent="Micro850" dataType="Int" address="400002">
      <MBVarInfo ElemType="Int" SubElemType="Any" DataTypeSize="2" />
    </mapping>
    <mapping variable="nMinimoEscamoteamento" parent="Micro850" dataType="Int" address="400003">
      <MBVarInfo ElemType="Int" SubElemType="Any" DataTypeSize="2" />
    </mapping>
    <mapping variable="nMaximoEscamoteamento" parent="Micro850" dataType="Int" address="400004">
      <MBVarInfo ElemType="Int" SubElemType="Any" DataTypeSize="2" />
    </mapping>
    <mapping variable="nMinimoAquecimento" parent="Micro850" dataType="Int" address="400006">
      <MBVarInfo ElemType="Int" SubElemType="Any" DataTypeSize="2" />
    </mapping>
    <mapping variable="nLeituraAquecimento" parent="Micro850" dataType="Int" address="400028">
      <MBVarInfo ElemType="Int" SubElemType="Any" DataTypeSize="2" />
    </mapping>
  </modbusRegister>
</modbusServer>